name;image;description;positions;known_for;Producción;Equipos adicionales;Dirección;Banda sonora;Guion;Reparto;Música;Como sí mismos;Agradecimientos;IMDbPro;Animación;Arte;Sonido;Cámara y electricidad;metraje de archivo;Vestuario;Diseño de vestuario;Dirección o asistencia de la segunda unidad;Composición;sonido de archivo;Edición;Dirección de fotografía y cámara
McG;https://m.media-amazon.com/images/M/MV5BMTI1MTg2MTM1MF5BMl5BanBnXkFtZTcwMDIxNDY1Mg@@._V1_QL75_UY133_CR4,0,90,133_.jpg;McG nació el 9 de agosto de 1968 en Kalamazoo, Michigan, Estados Unidos. Es un productor y director, conocido por Los ángeles de Charlie: Al límite (2003), Terminator: Salvation (2009) y The Babysitter: Killer Queen (2020).;Hola;Los ángeles de Charlie: Al límite;62;1;50;9;2;2;1;42;3;;;;;;;;;;;;;
McG;https://m.media-amazon.com/images/M/MV5BMTI1MTg2MTM1MF5BMl5BanBnXkFtZTcwMDIxNDY1Mg@@._V1_QL75_UY133_CR4,0,90,133_.jpg;McG nació el 9 de agosto de 1968 en Kalamazoo, Michigan, Estados Unidos. Es un productor y director, conocido por Los ángeles de Charlie: Al límite (2003), Terminator: Salvation (2009) y The Babysitter: Killer Queen (2020).;Hola;4,9;62;1;50;9;2;2;1;42;3;;;;;;;;;;;;;
McG;https://m.media-amazon.com/images/M/MV5BMTI1MTg2MTM1MF5BMl5BanBnXkFtZTcwMDIxNDY1Mg@@._V1_QL75_UY133_CR4,0,90,133_.jpg;McG nació el 9 de agosto de 1968 en Kalamazoo, Michigan, Estados Unidos. Es un productor y director, conocido por Los ángeles de Charlie: Al límite (2003), Terminator: Salvation (2009) y The Babysitter: Killer Queen (2020).;Hola;Dirección;62;1;50;9;2;2;1;42;3;;;;;;;;;;;;;
McG;https://m.media-amazon.com/images/M/MV5BMTI1MTg2MTM1MF5BMl5BanBnXkFtZTcwMDIxNDY1Mg@@._V1_QL75_UY133_CR4,0,90,133_.jpg;McG nació el 9 de agosto de 1968 en Kalamazoo, Michigan, Estados Unidos. Es un productor y director, conocido por Los ángeles de Charlie: Al límite (2003), Terminator: Salvation (2009) y The Babysitter: Killer Queen (2020).;Hola;2003;62;1;50;9;2;2;1;42;3;;;;;;;;;;;;;
McG;https://m.media-amazon.com/images/M/MV5BMTI1MTg2MTM1MF5BMl5BanBnXkFtZTcwMDIxNDY1Mg@@._V1_QL75_UY133_CR4,0,90,133_.jpg;McG nació el 9 de agosto de 1968 en Kalamazoo, Michigan, Estados Unidos. Es un productor y director, conocido por Los ángeles de Charlie: Al límite (2003), Terminator: Salvation (2009) y The Babysitter: Killer Queen (2020).;Hola;Terminator: Salvation;62;1;50;9;2;2;1;42;3;;;;;;;;;;;;;
McG;https://m.media-amazon.com/images/M/MV5BMTI1MTg2MTM1MF5BMl5BanBnXkFtZTcwMDIxNDY1Mg@@._V1_QL75_UY133_CR4,0,90,133_.jpg;McG nació el 9 de agosto de 1968 en Kalamazoo, Michigan, Estados Unidos. Es un productor y director, conocido por Los ángeles de Charlie: Al límite (2003), Terminator: Salvation (2009) y The Babysitter: Killer Queen (2020).;Hola;6,5;62;1;50;9;2;2;1;42;3;;;;;;;;;;;;;
McG;https://m.media-amazon.com/images/M/MV5BMTI1MTg2MTM1MF5BMl5BanBnXkFtZTcwMDIxNDY1Mg@@._V1_QL75_UY133_CR4,0,90,133_.jpg;McG nació el 9 de agosto de 1968 en Kalamazoo, Michigan, Estados Unidos. Es un productor y director, conocido por Los ángeles de Charlie: Al límite (2003), Terminator: Salvation (2009) y The Babysitter: Killer Queen (2020).;Hola;Dirección(directed by);62;1;50;9;2;2;1;42;3;;;;;;;;;;;;;
McG;https://m.media-amazon.com/images/M/MV5BMTI1MTg2MTM1MF5BMl5BanBnXkFtZTcwMDIxNDY1Mg@@._V1_QL75_UY133_CR4,0,90,133_.jpg;McG nació el 9 de agosto de 1968 en Kalamazoo, Michigan, Estados Unidos. Es un productor y director, conocido por Los ángeles de Charlie: Al límite (2003), Terminator: Salvation (2009) y The Babysitter: Killer Queen (2020).;Hola;2009;62;1;50;9;2;2;1;42;3;;;;;;;;;;;;;
McG;https://m.media-amazon.com/images/M/MV5BMTI1MTg2MTM1MF5BMl5BanBnXkFtZTcwMDIxNDY1Mg@@._V1_QL75_UY133_CR4,0,90,133_.jpg;McG nació el 9 de agosto de 1968 en Kalamazoo, Michigan, Estados Unidos. Es un productor y director, conocido por Los ángeles de Charlie: Al límite (2003), Terminator: Salvation (2009) y The Babysitter: Killer Queen (2020).;Hola;The Babysitter: Killer Queen;62;1;50;9;2;2;1;42;3;;;;;;;;;;;;;
McG;https://m.media-amazon.com/images/M/MV5BMTI1MTg2MTM1MF5BMl5BanBnXkFtZTcwMDIxNDY1Mg@@._V1_QL75_UY133_CR4,0,90,133_.jpg;McG nació el 9 de agosto de 1968 en Kalamazoo, Michigan, Estados Unidos. Es un productor y director, conocido por Los ángeles de Charlie: Al límite (2003), Terminator: Salvation (2009) y The Babysitter: Killer Queen (2020).;Hola;5,8;62;1;50;9;2;2;1;42;3;;;;;;;;;;;;;
McG;https://m.media-amazon.com/images/M/MV5BMTI1MTg2MTM1MF5BMl5BanBnXkFtZTcwMDIxNDY1Mg@@._V1_QL75_UY133_CR4,0,90,133_.jpg;McG nació el 9 de agosto de 1968 en Kalamazoo, Michigan, Estados Unidos. Es un productor y director, conocido por Los ángeles de Charlie: Al límite (2003), Terminator: Salvation (2009) y The Babysitter: Killer Queen (2020).;Hola;Producción(produced by, p.g.a.);62;1;50;9;2;2;1;42;3;;;;;;;;;;;;;
McG;https://m.media-amazon.com/images/M/MV5BMTI1MTg2MTM1MF5BMl5BanBnXkFtZTcwMDIxNDY1Mg@@._V1_QL75_UY133_CR4,0,90,133_.jpg;McG nació el 9 de agosto de 1968 en Kalamazoo, Michigan, Estados Unidos. Es un productor y director, conocido por Los ángeles de Charlie: Al límite (2003), Terminator: Salvation (2009) y The Babysitter: Killer Queen (2020).;Hola;2020;62;1;50;9;2;2;1;42;3;;;;;;;;;;;;;
McG;https://m.media-amazon.com/images/M/MV5BMTI1MTg2MTM1MF5BMl5BanBnXkFtZTcwMDIxNDY1Mg@@._V1_QL75_UY133_CR4,0,90,133_.jpg;McG nació el 9 de agosto de 1968 en Kalamazoo, Michigan, Estados Unidos. Es un productor y director, conocido por Los ángeles de Charlie: Al límite (2003), Terminator: Salvation (2009) y The Babysitter: Killer Queen (2020).;Hola;3 días para matar;62;1;50;9;2;2;1;42;3;;;;;;;;;;;;;
McG;https://m.media-amazon.com/images/M/MV5BMTI1MTg2MTM1MF5BMl5BanBnXkFtZTcwMDIxNDY1Mg@@._V1_QL75_UY133_CR4,0,90,133_.jpg;McG nació el 9 de agosto de 1968 en Kalamazoo, Michigan, Estados Unidos. Es un productor y director, conocido por Los ángeles de Charlie: Al límite (2003), Terminator: Salvation (2009) y The Babysitter: Killer Queen (2020).;Hola;6,2;62;1;50;9;2;2;1;42;3;;;;;;;;;;;;;
McG;https://m.media-amazon.com/images/M/MV5BMTI1MTg2MTM1MF5BMl5BanBnXkFtZTcwMDIxNDY1Mg@@._V1_QL75_UY133_CR4,0,90,133_.jpg;McG nació el 9 de agosto de 1968 en Kalamazoo, Michigan, Estados Unidos. Es un productor y director, conocido por Los ángeles de Charlie: Al límite (2003), Terminator: Salvation (2009) y The Babysitter: Killer Queen (2020).;Hola;Dirección;62;1;50;9;2;2;1;42;3;;;;;;;;;;;;;
McG;https://m.media-amazon.com/images/M/MV5BMTI1MTg2MTM1MF5BMl5BanBnXkFtZTcwMDIxNDY1Mg@@._V1_QL75_UY133_CR4,0,90,133_.jpg;McG nació el 9 de agosto de 1968 en Kalamazoo, Michigan, Estados Unidos. Es un productor y director, conocido por Los ángeles de Charlie: Al límite (2003), Terminator: Salvation (2009) y The Babysitter: Killer Queen (2020).;Hola;2014;62;1;50;9;2;2;1;42;3;;;;;;;;;;;;;
Blair Simmons;;;Dirección;Blaze y los Monster Machines;;1;11;;;;;;1;;7;1;;;;;;;;;;
Blair Simmons;;;Dirección;5,7;;1;11;;;;;;1;;7;1;;;;;;;;;;
Blair Simmons;;;Dirección;Serie de TV;;1;11;;;;;;1;;7;1;;;;;;;;;;
Blair Simmons;;;Dirección;Dirección;;1;11;;;;;;1;;7;1;;;;;;;;;;
Blair Simmons;;;Dirección;2014–2017 • 53 episodios;;1;11;;;;;;1;;7;1;;;;;;;;;;
Blair Simmons;;;Dirección;Octonauts & the Great Barrier Reef;;1;11;;;;;;1;;7;1;;;;;;;;;;
Blair Simmons;;;Dirección;6,8;;1;11;;;;;;1;;7;1;;;;;;;;;;
Blair Simmons;;;Dirección;Dirección;;1;11;;;;;;1;;7;1;;;;;;;;;;
Blair Simmons;;;Dirección;2020;;1;11;;;;;;1;;7;1;;;;;;;;;;
Blair Simmons;;;Dirección;AOK;;1;11;;;;;;1;;7;1;;;;;;;;;;
Blair Simmons;;;Dirección;8,0;;1;11;;;;;;1;;7;1;;;;;;;;;;
Blair Simmons;;;Dirección;Serie de TV;;1;11;;;;;;1;;7;1;;;;;;;;;;
Blair Simmons;;;Dirección;Dirección;;1;11;;;;;;1;;7;1;;;;;;;;;;
Blair Simmons;;;Dirección;2017–2020 • 58 episodios;;1;11;;;;;;1;;7;1;;;;;;;;;;
Blair Simmons;;;Dirección;Slugterra;;1;11;;;;;;1;;7;1;;;;;;;;;;
Blair Simmons;;;Dirección;7,1;;1;11;;;;;;1;;7;1;;;;;;;;;;
Blair Simmons;;;Dirección;Serie de TV;;1;11;;;;;;1;;7;1;;;;;;;;;;
Blair Simmons;;;Dirección;Dirección;;1;11;;;;;;1;;7;1;;;;;;;;;;
Blair Simmons;;;Dirección;2012–2013 • 6 episodios;;1;11;;;;;;1;;7;1;;;;;;;;;;
John Schultz;https://m.media-amazon.com/images/M/MV5BMTY5MDc3OTQ5NV5BMl5BanBnXkFtZTYwMDc4Njk2._V1_QL75_UX90_CR0,0,90,133_.jpg;John Schultz conocido por su papel en Bandwagon (1996), Una pandilla de altura (2002) y Las aventuras de Zachary Beaver (2003).;Dirección;Bandwagon;3;;13;;3;;;;1;;;;;;;;;;;;;
John Schultz;https://m.media-amazon.com/images/M/MV5BMTY5MDc3OTQ5NV5BMl5BanBnXkFtZTYwMDc4Njk2._V1_QL75_UX90_CR0,0,90,133_.jpg;John Schultz conocido por su papel en Bandwagon (1996), Una pandilla de altura (2002) y Las aventuras de Zachary Beaver (2003).;Dirección;7,1;3;;13;;3;;;;1;;;;;;;;;;;;;
John Schultz;https://m.media-amazon.com/images/M/MV5BMTY5MDc3OTQ5NV5BMl5BanBnXkFtZTYwMDc4Njk2._V1_QL75_UX90_CR0,0,90,133_.jpg;John Schultz conocido por su papel en Bandwagon (1996), Una pandilla de altura (2002) y Las aventuras de Zachary Beaver (2003).;Dirección;Dirección;3;;13;;3;;;;1;;;;;;;;;;;;;
John Schultz;https://m.media-amazon.com/images/M/MV5BMTY5MDc3OTQ5NV5BMl5BanBnXkFtZTYwMDc4Njk2._V1_QL75_UX90_CR0,0,90,133_.jpg;John Schultz conocido por su papel en Bandwagon (1996), Una pandilla de altura (2002) y Las aventuras de Zachary Beaver (2003).;Dirección;1996;3;;13;;3;;;;1;;;;;;;;;;;;;
John Schultz;https://m.media-amazon.com/images/M/MV5BMTY5MDc3OTQ5NV5BMl5BanBnXkFtZTYwMDc4Njk2._V1_QL75_UX90_CR0,0,90,133_.jpg;John Schultz conocido por su papel en Bandwagon (1996), Una pandilla de altura (2002) y Las aventuras de Zachary Beaver (2003).;Dirección;Una pandilla de altura;3;;13;;3;;;;1;;;;;;;;;;;;;
John Schultz;https://m.media-amazon.com/images/M/MV5BMTY5MDc3OTQ5NV5BMl5BanBnXkFtZTYwMDc4Njk2._V1_QL75_UX90_CR0,0,90,133_.jpg;John Schultz conocido por su papel en Bandwagon (1996), Una pandilla de altura (2002) y Las aventuras de Zachary Beaver (2003).;Dirección;5,3;3;;13;;3;;;;1;;;;;;;;;;;;;
John Schultz;https://m.media-amazon.com/images/M/MV5BMTY5MDc3OTQ5NV5BMl5BanBnXkFtZTYwMDc4Njk2._V1_QL75_UX90_CR0,0,90,133_.jpg;John Schultz conocido por su papel en Bandwagon (1996), Una pandilla de altura (2002) y Las aventuras de Zachary Beaver (2003).;Dirección;Dirección;3;;13;;3;;;;1;;;;;;;;;;;;;
John Schultz;https://m.media-amazon.com/images/M/MV5BMTY5MDc3OTQ5NV5BMl5BanBnXkFtZTYwMDc4Njk2._V1_QL75_UX90_CR0,0,90,133_.jpg;John Schultz conocido por su papel en Bandwagon (1996), Una pandilla de altura (2002) y Las aventuras de Zachary Beaver (2003).;Dirección;2002;3;;13;;3;;;;1;;;;;;;;;;;;;
John Schultz;https://m.media-amazon.com/images/M/MV5BMTY5MDc3OTQ5NV5BMl5BanBnXkFtZTYwMDc4Njk2._V1_QL75_UX90_CR0,0,90,133_.jpg;John Schultz conocido por su papel en Bandwagon (1996), Una pandilla de altura (2002) y Las aventuras de Zachary Beaver (2003).;Dirección;Las aventuras de Zachary Beaver;3;;13;;3;;;;1;;;;;;;;;;;;;
John Schultz;https://m.media-amazon.com/images/M/MV5BMTY5MDc3OTQ5NV5BMl5BanBnXkFtZTYwMDc4Njk2._V1_QL75_UX90_CR0,0,90,133_.jpg;John Schultz conocido por su papel en Bandwagon (1996), Una pandilla de altura (2002) y Las aventuras de Zachary Beaver (2003).;Dirección;5,7;3;;13;;3;;;;1;;;;;;;;;;;;;
John Schultz;https://m.media-amazon.com/images/M/MV5BMTY5MDc3OTQ5NV5BMl5BanBnXkFtZTYwMDc4Njk2._V1_QL75_UX90_CR0,0,90,133_.jpg;John Schultz conocido por su papel en Bandwagon (1996), Una pandilla de altura (2002) y Las aventuras de Zachary Beaver (2003).;Dirección;Dirección;3;;13;;3;;;;1;;;;;;;;;;;;;
John Schultz;https://m.media-amazon.com/images/M/MV5BMTY5MDc3OTQ5NV5BMl5BanBnXkFtZTYwMDc4Njk2._V1_QL75_UX90_CR0,0,90,133_.jpg;John Schultz conocido por su papel en Bandwagon (1996), Una pandilla de altura (2002) y Las aventuras de Zachary Beaver (2003).;Dirección;2003;3;;13;;3;;;;1;;;;;;;;;;;;;
John Schultz;https://m.media-amazon.com/images/M/MV5BMTY5MDc3OTQ5NV5BMl5BanBnXkFtZTYwMDc4Njk2._V1_QL75_UX90_CR0,0,90,133_.jpg;John Schultz conocido por su papel en Bandwagon (1996), Una pandilla de altura (2002) y Las aventuras de Zachary Beaver (2003).;Dirección;La chica de al lado;3;;13;;3;;;;1;;;;;;;;;;;;;
John Schultz;https://m.media-amazon.com/images/M/MV5BMTY5MDc3OTQ5NV5BMl5BanBnXkFtZTYwMDc4Njk2._V1_QL75_UX90_CR0,0,90,133_.jpg;John Schultz conocido por su papel en Bandwagon (1996), Una pandilla de altura (2002) y Las aventuras de Zachary Beaver (2003).;Dirección;5,8;3;;13;;3;;;;1;;;;;;;;;;;;;
John Schultz;https://m.media-amazon.com/images/M/MV5BMTY5MDc3OTQ5NV5BMl5BanBnXkFtZTYwMDc4Njk2._V1_QL75_UX90_CR0,0,90,133_.jpg;John Schultz conocido por su papel en Bandwagon (1996), Una pandilla de altura (2002) y Las aventuras de Zachary Beaver (2003).;Dirección;Dirección;3;;13;;3;;;;1;;;;;;;;;;;;;
John Schultz;https://m.media-amazon.com/images/M/MV5BMTY5MDc3OTQ5NV5BMl5BanBnXkFtZTYwMDc4Njk2._V1_QL75_UX90_CR0,0,90,133_.jpg;John Schultz conocido por su papel en Bandwagon (1996), Una pandilla de altura (2002) y Las aventuras de Zachary Beaver (2003).;Dirección;1999;3;;13;;3;;;;1;;;;;;;;;;;;;
Noah Baumbach;https://m.media-amazon.com/images/M/MV5BMjA3NTUzNzM2OF5BMl5BanBnXkFtZTcwNjU4MjYxMw@@._V1_QL75_UX90_CR0,1,90,133_.jpg;Noah Baumbach nació el 3 de septiembre de 1969 en Brooklyn, Nueva York, Nueva York, Estados Unidos. Es un escritor y director, conocido por Una historia de Brooklyn (2005), Ruido de fondo (2022) y Historia de un matrimonio (2019). Está casado con Greta Gerwig. Tienen un niño. Ha estado casado con Jennifer Jason Leigh.;Guion;Una historia de Brooklyn;9;;16;3;19;4;;30;10;;;1;1;1;1;;;;;;;
Noah Baumbach;https://m.media-amazon.com/images/M/MV5BMjA3NTUzNzM2OF5BMl5BanBnXkFtZTcwNjU4MjYxMw@@._V1_QL75_UX90_CR0,1,90,133_.jpg;Noah Baumbach nació el 3 de septiembre de 1969 en Brooklyn, Nueva York, Nueva York, Estados Unidos. Es un escritor y director, conocido por Una historia de Brooklyn (2005), Ruido de fondo (2022) y Historia de un matrimonio (2019). Está casado con Greta Gerwig. Tienen un niño. Ha estado casado con Jennifer Jason Leigh.;Guion;7,3;9;;16;3;19;4;;30;10;;;1;1;1;1;;;;;;;
Noah Baumbach;https://m.media-amazon.com/images/M/MV5BMjA3NTUzNzM2OF5BMl5BanBnXkFtZTcwNjU4MjYxMw@@._V1_QL75_UX90_CR0,1,90,133_.jpg;Noah Baumbach nació el 3 de septiembre de 1969 en Brooklyn, Nueva York, Nueva York, Estados Unidos. Es un escritor y director, conocido por Una historia de Brooklyn (2005), Ruido de fondo (2022) y Historia de un matrimonio (2019). Está casado con Greta Gerwig. Tienen un niño. Ha estado casado con Jennifer Jason Leigh.;Guion;Guion;9;;16;3;19;4;;30;10;;;1;1;1;1;;;;;;;
Noah Baumbach;https://m.media-amazon.com/images/M/MV5BMjA3NTUzNzM2OF5BMl5BanBnXkFtZTcwNjU4MjYxMw@@._V1_QL75_UX90_CR0,1,90,133_.jpg;Noah Baumbach nació el 3 de septiembre de 1969 en Brooklyn, Nueva York, Nueva York, Estados Unidos. Es un escritor y director, conocido por Una historia de Brooklyn (2005), Ruido de fondo (2022) y Historia de un matrimonio (2019). Está casado con Greta Gerwig. Tienen un niño. Ha estado casado con Jennifer Jason Leigh.;Guion;2005;9;;16;3;19;4;;30;10;;;1;1;1;1;;;;;;;
Noah Baumbach;https://m.media-amazon.com/images/M/MV5BMjA3NTUzNzM2OF5BMl5BanBnXkFtZTcwNjU4MjYxMw@@._V1_QL75_UX90_CR0,1,90,133_.jpg;Noah Baumbach nació el 3 de septiembre de 1969 en Brooklyn, Nueva York, Nueva York, Estados Unidos. Es un escritor y director, conocido por Una historia de Brooklyn (2005), Ruido de fondo (2022) y Historia de un matrimonio (2019). Está casado con Greta Gerwig. Tienen un niño. Ha estado casado con Jennifer Jason Leigh.;Guion;Ruido de fondo;9;;16;3;19;4;;30;10;;;1;1;1;1;;;;;;;
Noah Baumbach;https://m.media-amazon.com/images/M/MV5BMjA3NTUzNzM2OF5BMl5BanBnXkFtZTcwNjU4MjYxMw@@._V1_QL75_UX90_CR0,1,90,133_.jpg;Noah Baumbach nació el 3 de septiembre de 1969 en Brooklyn, Nueva York, Nueva York, Estados Unidos. Es un escritor y director, conocido por Una historia de Brooklyn (2005), Ruido de fondo (2022) y Historia de un matrimonio (2019). Está casado con Greta Gerwig. Tienen un niño. Ha estado casado con Jennifer Jason Leigh.;Guion;5,7;9;;16;3;19;4;;30;10;;;1;1;1;1;;;;;;;
Noah Baumbach;https://m.media-amazon.com/images/M/MV5BMjA3NTUzNzM2OF5BMl5BanBnXkFtZTcwNjU4MjYxMw@@._V1_QL75_UX90_CR0,1,90,133_.jpg;Noah Baumbach nació el 3 de septiembre de 1969 en Brooklyn, Nueva York, Nueva York, Estados Unidos. Es un escritor y director, conocido por Una historia de Brooklyn (2005), Ruido de fondo (2022) y Historia de un matrimonio (2019). Está casado con Greta Gerwig. Tienen un niño. Ha estado casado con Jennifer Jason Leigh.;Guion;Guion;9;;16;3;19;4;;30;10;;;1;1;1;1;;;;;;;
Noah Baumbach;https://m.media-amazon.com/images/M/MV5BMjA3NTUzNzM2OF5BMl5BanBnXkFtZTcwNjU4MjYxMw@@._V1_QL75_UX90_CR0,1,90,133_.jpg;Noah Baumbach nació el 3 de septiembre de 1969 en Brooklyn, Nueva York, Nueva York, Estados Unidos. Es un escritor y director, conocido por Una historia de Brooklyn (2005), Ruido de fondo (2022) y Historia de un matrimonio (2019). Está casado con Greta Gerwig. Tienen un niño. Ha estado casado con Jennifer Jason Leigh.;Guion;2022;9;;16;3;19;4;;30;10;;;1;1;1;1;;;;;;;
Noah Baumbach;https://m.media-amazon.com/images/M/MV5BMjA3NTUzNzM2OF5BMl5BanBnXkFtZTcwNjU4MjYxMw@@._V1_QL75_UX90_CR0,1,90,133_.jpg;Noah Baumbach nació el 3 de septiembre de 1969 en Brooklyn, Nueva York, Nueva York, Estados Unidos. Es un escritor y director, conocido por Una historia de Brooklyn (2005), Ruido de fondo (2022) y Historia de un matrimonio (2019). Está casado con Greta Gerwig. Tienen un niño. Ha estado casado con Jennifer Jason Leigh.;Guion;Historia de un matrimonio;9;;16;3;19;4;;30;10;;;1;1;1;1;;;;;;;
Noah Baumbach;https://m.media-amazon.com/images/M/MV5BMjA3NTUzNzM2OF5BMl5BanBnXkFtZTcwNjU4MjYxMw@@._V1_QL75_UX90_CR0,1,90,133_.jpg;Noah Baumbach nació el 3 de septiembre de 1969 en Brooklyn, Nueva York, Nueva York, Estados Unidos. Es un escritor y director, conocido por Una historia de Brooklyn (2005), Ruido de fondo (2022) y Historia de un matrimonio (2019). Está casado con Greta Gerwig. Tienen un niño. Ha estado casado con Jennifer Jason Leigh.;Guion;7,9;9;;16;3;19;4;;30;10;;;1;1;1;1;;;;;;;
Noah Baumbach;https://m.media-amazon.com/images/M/MV5BMjA3NTUzNzM2OF5BMl5BanBnXkFtZTcwNjU4MjYxMw@@._V1_QL75_UX90_CR0,1,90,133_.jpg;Noah Baumbach nació el 3 de septiembre de 1969 en Brooklyn, Nueva York, Nueva York, Estados Unidos. Es un escritor y director, conocido por Una historia de Brooklyn (2005), Ruido de fondo (2022) y Historia de un matrimonio (2019). Está casado con Greta Gerwig. Tienen un niño. Ha estado casado con Jennifer Jason Leigh.;Guion;Guion;9;;16;3;19;4;;30;10;;;1;1;1;1;;;;;;;
Noah Baumbach;https://m.media-amazon.com/images/M/MV5BMjA3NTUzNzM2OF5BMl5BanBnXkFtZTcwNjU4MjYxMw@@._V1_QL75_UX90_CR0,1,90,133_.jpg;Noah Baumbach nació el 3 de septiembre de 1969 en Brooklyn, Nueva York, Nueva York, Estados Unidos. Es un escritor y director, conocido por Una historia de Brooklyn (2005), Ruido de fondo (2022) y Historia de un matrimonio (2019). Está casado con Greta Gerwig. Tienen un niño. Ha estado casado con Jennifer Jason Leigh.;Guion;2019;9;;16;3;19;4;;30;10;;;1;1;1;1;;;;;;;
Noah Baumbach;https://m.media-amazon.com/images/M/MV5BMjA3NTUzNzM2OF5BMl5BanBnXkFtZTcwNjU4MjYxMw@@._V1_QL75_UX90_CR0,1,90,133_.jpg;Noah Baumbach nació el 3 de septiembre de 1969 en Brooklyn, Nueva York, Nueva York, Estados Unidos. Es un escritor y director, conocido por Una historia de Brooklyn (2005), Ruido de fondo (2022) y Historia de un matrimonio (2019). Está casado con Greta Gerwig. Tienen un niño. Ha estado casado con Jennifer Jason Leigh.;Guion;Frances Ha;9;;16;3;19;4;;30;10;;;1;1;1;1;;;;;;;
Noah Baumbach;https://m.media-amazon.com/images/M/MV5BMjA3NTUzNzM2OF5BMl5BanBnXkFtZTcwNjU4MjYxMw@@._V1_QL75_UX90_CR0,1,90,133_.jpg;Noah Baumbach nació el 3 de septiembre de 1969 en Brooklyn, Nueva York, Nueva York, Estados Unidos. Es un escritor y director, conocido por Una historia de Brooklyn (2005), Ruido de fondo (2022) y Historia de un matrimonio (2019). Está casado con Greta Gerwig. Tienen un niño. Ha estado casado con Jennifer Jason Leigh.;Guion;7,4;9;;16;3;19;4;;30;10;;;1;1;1;1;;;;;;;
Noah Baumbach;https://m.media-amazon.com/images/M/MV5BMjA3NTUzNzM2OF5BMl5BanBnXkFtZTcwNjU4MjYxMw@@._V1_QL75_UX90_CR0,1,90,133_.jpg;Noah Baumbach nació el 3 de septiembre de 1969 en Brooklyn, Nueva York, Nueva York, Estados Unidos. Es un escritor y director, conocido por Una historia de Brooklyn (2005), Ruido de fondo (2022) y Historia de un matrimonio (2019). Está casado con Greta Gerwig. Tienen un niño. Ha estado casado con Jennifer Jason Leigh.;Guion;Guion;9;;16;3;19;4;;30;10;;;1;1;1;1;;;;;;;
Noah Baumbach;https://m.media-amazon.com/images/M/MV5BMjA3NTUzNzM2OF5BMl5BanBnXkFtZTcwNjU4MjYxMw@@._V1_QL75_UX90_CR0,1,90,133_.jpg;Noah Baumbach nació el 3 de septiembre de 1969 en Brooklyn, Nueva York, Nueva York, Estados Unidos. Es un escritor y director, conocido por Una historia de Brooklyn (2005), Ruido de fondo (2022) y Historia de un matrimonio (2019). Está casado con Greta Gerwig. Tienen un niño. Ha estado casado con Jennifer Jason Leigh.;Guion;2012;9;;16;3;19;4;;30;10;;;1;1;1;1;;;;;;;
Karan Johar;https://m.media-amazon.com/images/M/MV5BMTM5Njk5MDI0OV5BMl5BanBnXkFtZTcwOTA0ODE2OQ@@._V1_QL75_UY133_CR92,0,90,133_.jpg;Karan Johar nació el 25 de mayo de 1972 en Bombay, Maharashtra, India. Es un productor y actor, conocido por Nunca feliz (2001), Algo sucede en mi corazón (1998) y Kal Ho Naa Ho (2003).;Producción;Nunca feliz;80;;17;;20;17;;56;24;;;;;;;5;2;1;;;;
Karan Johar;https://m.media-amazon.com/images/M/MV5BMTM5Njk5MDI0OV5BMl5BanBnXkFtZTcwOTA0ODE2OQ@@._V1_QL75_UY133_CR92,0,90,133_.jpg;Karan Johar nació el 25 de mayo de 1972 en Bombay, Maharashtra, India. Es un productor y actor, conocido por Nunca feliz (2001), Algo sucede en mi corazón (1998) y Kal Ho Naa Ho (2003).;Producción;7,4;80;;17;;20;17;;56;24;;;;;;;5;2;1;;;;
Karan Johar;https://m.media-amazon.com/images/M/MV5BMTM5Njk5MDI0OV5BMl5BanBnXkFtZTcwOTA0ODE2OQ@@._V1_QL75_UY133_CR92,0,90,133_.jpg;Karan Johar nació el 25 de mayo de 1972 en Bombay, Maharashtra, India. Es un productor y actor, conocido por Nunca feliz (2001), Algo sucede en mi corazón (1998) y Kal Ho Naa Ho (2003).;Producción;Guion;80;;17;;20;17;;56;24;;;;;;;5;2;1;;;;
Karan Johar;https://m.media-amazon.com/images/M/MV5BMTM5Njk5MDI0OV5BMl5BanBnXkFtZTcwOTA0ODE2OQ@@._V1_QL75_UY133_CR92,0,90,133_.jpg;Karan Johar nació el 25 de mayo de 1972 en Bombay, Maharashtra, India. Es un productor y actor, conocido por Nunca feliz (2001), Algo sucede en mi corazón (1998) y Kal Ho Naa Ho (2003).;Producción;2001;80;;17;;20;17;;56;24;;;;;;;5;2;1;;;;
Karan Johar;https://m.media-amazon.com/images/M/MV5BMTM5Njk5MDI0OV5BMl5BanBnXkFtZTcwOTA0ODE2OQ@@._V1_QL75_UY133_CR92,0,90,133_.jpg;Karan Johar nació el 25 de mayo de 1972 en Bombay, Maharashtra, India. Es un productor y actor, conocido por Nunca feliz (2001), Algo sucede en mi corazón (1998) y Kal Ho Naa Ho (2003).;Producción;Algo sucede en mi corazón;80;;17;;20;17;;56;24;;;;;;;5;2;1;;;;
Karan Johar;https://m.media-amazon.com/images/M/MV5BMTM5Njk5MDI0OV5BMl5BanBnXkFtZTcwOTA0ODE2OQ@@._V1_QL75_UY133_CR92,0,90,133_.jpg;Karan Johar nació el 25 de mayo de 1972 en Bombay, Maharashtra, India. Es un productor y actor, conocido por Nunca feliz (2001), Algo sucede en mi corazón (1998) y Kal Ho Naa Ho (2003).;Producción;7,5;80;;17;;20;17;;56;24;;;;;;;5;2;1;;;;
Karan Johar;https://m.media-amazon.com/images/M/MV5BMTM5Njk5MDI0OV5BMl5BanBnXkFtZTcwOTA0ODE2OQ@@._V1_QL75_UY133_CR92,0,90,133_.jpg;Karan Johar nació el 25 de mayo de 1972 en Bombay, Maharashtra, India. Es un productor y actor, conocido por Nunca feliz (2001), Algo sucede en mi corazón (1998) y Kal Ho Naa Ho (2003).;Producción;Guion;80;;17;;20;17;;56;24;;;;;;;5;2;1;;;;
Karan Johar;https://m.media-amazon.com/images/M/MV5BMTM5Njk5MDI0OV5BMl5BanBnXkFtZTcwOTA0ODE2OQ@@._V1_QL75_UY133_CR92,0,90,133_.jpg;Karan Johar nació el 25 de mayo de 1972 en Bombay, Maharashtra, India. Es un productor y actor, conocido por Nunca feliz (2001), Algo sucede en mi corazón (1998) y Kal Ho Naa Ho (2003).;Producción;1998;80;;17;;20;17;;56;24;;;;;;;5;2;1;;;;
Karan Johar;https://m.media-amazon.com/images/M/MV5BMTM5Njk5MDI0OV5BMl5BanBnXkFtZTcwOTA0ODE2OQ@@._V1_QL75_UY133_CR92,0,90,133_.jpg;Karan Johar nació el 25 de mayo de 1972 en Bombay, Maharashtra, India. Es un productor y actor, conocido por Nunca feliz (2001), Algo sucede en mi corazón (1998) y Kal Ho Naa Ho (2003).;Producción;Kal Ho Naa Ho;80;;17;;20;17;;56;24;;;;;;;5;2;1;;;;
Karan Johar;https://m.media-amazon.com/images/M/MV5BMTM5Njk5MDI0OV5BMl5BanBnXkFtZTcwOTA0ODE2OQ@@._V1_QL75_UY133_CR92,0,90,133_.jpg;Karan Johar nació el 25 de mayo de 1972 en Bombay, Maharashtra, India. Es un productor y actor, conocido por Nunca feliz (2001), Algo sucede en mi corazón (1998) y Kal Ho Naa Ho (2003).;Producción;7,9;80;;17;;20;17;;56;24;;;;;;;5;2;1;;;;
Karan Johar;https://m.media-amazon.com/images/M/MV5BMTM5Njk5MDI0OV5BMl5BanBnXkFtZTcwOTA0ODE2OQ@@._V1_QL75_UY133_CR92,0,90,133_.jpg;Karan Johar nació el 25 de mayo de 1972 en Bombay, Maharashtra, India. Es un productor y actor, conocido por Nunca feliz (2001), Algo sucede en mi corazón (1998) y Kal Ho Naa Ho (2003).;Producción;Producción;80;;17;;20;17;;56;24;;;;;;;5;2;1;;;;
Karan Johar;https://m.media-amazon.com/images/M/MV5BMTM5Njk5MDI0OV5BMl5BanBnXkFtZTcwOTA0ODE2OQ@@._V1_QL75_UY133_CR92,0,90,133_.jpg;Karan Johar nació el 25 de mayo de 1972 en Bombay, Maharashtra, India. Es un productor y actor, conocido por Nunca feliz (2001), Algo sucede en mi corazón (1998) y Kal Ho Naa Ho (2003).;Producción;2003;80;;17;;20;17;;56;24;;;;;;;5;2;1;;;;
Karan Johar;https://m.media-amazon.com/images/M/MV5BMTM5Njk5MDI0OV5BMl5BanBnXkFtZTcwOTA0ODE2OQ@@._V1_QL75_UY133_CR92,0,90,133_.jpg;Karan Johar nació el 25 de mayo de 1972 en Bombay, Maharashtra, India. Es un productor y actor, conocido por Nunca feliz (2001), Algo sucede en mi corazón (1998) y Kal Ho Naa Ho (2003).;Producción;Mi nombre es Khan;80;;17;;20;17;;56;24;;;;;;;5;2;1;;;;
Karan Johar;https://m.media-amazon.com/images/M/MV5BMTM5Njk5MDI0OV5BMl5BanBnXkFtZTcwOTA0ODE2OQ@@._V1_QL75_UY133_CR92,0,90,133_.jpg;Karan Johar nació el 25 de mayo de 1972 en Bombay, Maharashtra, India. Es un productor y actor, conocido por Nunca feliz (2001), Algo sucede en mi corazón (1998) y Kal Ho Naa Ho (2003).;Producción;7,9;80;;17;;20;17;;56;24;;;;;;;5;2;1;;;;
Karan Johar;https://m.media-amazon.com/images/M/MV5BMTM5Njk5MDI0OV5BMl5BanBnXkFtZTcwOTA0ODE2OQ@@._V1_QL75_UY133_CR92,0,90,133_.jpg;Karan Johar nació el 25 de mayo de 1972 en Bombay, Maharashtra, India. Es un productor y actor, conocido por Nunca feliz (2001), Algo sucede en mi corazón (1998) y Kal Ho Naa Ho (2003).;Producción;Dirección;80;;17;;20;17;;56;24;;;;;;;5;2;1;;;;
Karan Johar;https://m.media-amazon.com/images/M/MV5BMTM5Njk5MDI0OV5BMl5BanBnXkFtZTcwOTA0ODE2OQ@@._V1_QL75_UY133_CR92,0,90,133_.jpg;Karan Johar nació el 25 de mayo de 1972 en Bombay, Maharashtra, India. Es un productor y actor, conocido por Nunca feliz (2001), Algo sucede en mi corazón (1998) y Kal Ho Naa Ho (2003).;Producción;2010;80;;17;;20;17;;56;24;;;;;;;5;2;1;;;;
Dibakar Banerjee;https://m.media-amazon.com/images/M/MV5BYzJkZGE5NmUtMDkwOC00ODkyLTg2OWMtMTM2YTRkN2M1MGQwL2ltYWdlL2ltYWdlXkEyXkFqcGdeQXVyMTExNDQ2MTI@._V1_QL75_UY133_CR3,0,90,133_.jpg;Dibakar Banerjee nació el 21 de junio de 1969 en Nueva Delhi, India. Es un director y escritor, conocido por Detective Byomkesh Bakshy! (2015), Sandeep Aur Pinky Faraar (2021) y Oye Lucky! Lucky Oye! (2008).;Dirección;Detective Byomkesh Bakshy!;5;1;11;2;8;;6;2;;;;;;;;;;;3;;;
Dibakar Banerjee;https://m.media-amazon.com/images/M/MV5BYzJkZGE5NmUtMDkwOC00ODkyLTg2OWMtMTM2YTRkN2M1MGQwL2ltYWdlL2ltYWdlXkEyXkFqcGdeQXVyMTExNDQ2MTI@._V1_QL75_UY133_CR3,0,90,133_.jpg;Dibakar Banerjee nació el 21 de junio de 1969 en Nueva Delhi, India. Es un director y escritor, conocido por Detective Byomkesh Bakshy! (2015), Sandeep Aur Pinky Faraar (2021) y Oye Lucky! Lucky Oye! (2008).;Dirección;7,6;5;1;11;2;8;;6;2;;;;;;;;;;;3;;;
Dibakar Banerjee;https://m.media-amazon.com/images/M/MV5BYzJkZGE5NmUtMDkwOC00ODkyLTg2OWMtMTM2YTRkN2M1MGQwL2ltYWdlL2ltYWdlXkEyXkFqcGdeQXVyMTExNDQ2MTI@._V1_QL75_UY133_CR3,0,90,133_.jpg;Dibakar Banerjee nació el 21 de junio de 1969 en Nueva Delhi, India. Es un director y escritor, conocido por Detective Byomkesh Bakshy! (2015), Sandeep Aur Pinky Faraar (2021) y Oye Lucky! Lucky Oye! (2008).;Dirección;Dirección;5;1;11;2;8;;6;2;;;;;;;;;;;3;;;
Dibakar Banerjee;https://m.media-amazon.com/images/M/MV5BYzJkZGE5NmUtMDkwOC00ODkyLTg2OWMtMTM2YTRkN2M1MGQwL2ltYWdlL2ltYWdlXkEyXkFqcGdeQXVyMTExNDQ2MTI@._V1_QL75_UY133_CR3,0,90,133_.jpg;Dibakar Banerjee nació el 21 de junio de 1969 en Nueva Delhi, India. Es un director y escritor, conocido por Detective Byomkesh Bakshy! (2015), Sandeep Aur Pinky Faraar (2021) y Oye Lucky! Lucky Oye! (2008).;Dirección;2015;5;1;11;2;8;;6;2;;;;;;;;;;;3;;;
Dibakar Banerjee;https://m.media-amazon.com/images/M/MV5BYzJkZGE5NmUtMDkwOC00ODkyLTg2OWMtMTM2YTRkN2M1MGQwL2ltYWdlL2ltYWdlXkEyXkFqcGdeQXVyMTExNDQ2MTI@._V1_QL75_UY133_CR3,0,90,133_.jpg;Dibakar Banerjee nació el 21 de junio de 1969 en Nueva Delhi, India. Es un director y escritor, conocido por Detective Byomkesh Bakshy! (2015), Sandeep Aur Pinky Faraar (2021) y Oye Lucky! Lucky Oye! (2008).;Dirección;Sandeep Aur Pinky Faraar;5;1;11;2;8;;6;2;;;;;;;;;;;3;;;
Dibakar Banerjee;https://m.media-amazon.com/images/M/MV5BYzJkZGE5NmUtMDkwOC00ODkyLTg2OWMtMTM2YTRkN2M1MGQwL2ltYWdlL2ltYWdlXkEyXkFqcGdeQXVyMTExNDQ2MTI@._V1_QL75_UY133_CR3,0,90,133_.jpg;Dibakar Banerjee nació el 21 de junio de 1969 en Nueva Delhi, India. Es un director y escritor, conocido por Detective Byomkesh Bakshy! (2015), Sandeep Aur Pinky Faraar (2021) y Oye Lucky! Lucky Oye! (2008).;Dirección;6,3;5;1;11;2;8;;6;2;;;;;;;;;;;3;;;
Dibakar Banerjee;https://m.media-amazon.com/images/M/MV5BYzJkZGE5NmUtMDkwOC00ODkyLTg2OWMtMTM2YTRkN2M1MGQwL2ltYWdlL2ltYWdlXkEyXkFqcGdeQXVyMTExNDQ2MTI@._V1_QL75_UY133_CR3,0,90,133_.jpg;Dibakar Banerjee nació el 21 de junio de 1969 en Nueva Delhi, India. Es un director y escritor, conocido por Detective Byomkesh Bakshy! (2015), Sandeep Aur Pinky Faraar (2021) y Oye Lucky! Lucky Oye! (2008).;Dirección;Dirección;5;1;11;2;8;;6;2;;;;;;;;;;;3;;;
Dibakar Banerjee;https://m.media-amazon.com/images/M/MV5BYzJkZGE5NmUtMDkwOC00ODkyLTg2OWMtMTM2YTRkN2M1MGQwL2ltYWdlL2ltYWdlXkEyXkFqcGdeQXVyMTExNDQ2MTI@._V1_QL75_UY133_CR3,0,90,133_.jpg;Dibakar Banerjee nació el 21 de junio de 1969 en Nueva Delhi, India. Es un director y escritor, conocido por Detective Byomkesh Bakshy! (2015), Sandeep Aur Pinky Faraar (2021) y Oye Lucky! Lucky Oye! (2008).;Dirección;2021;5;1;11;2;8;;6;2;;;;;;;;;;;3;;;
Dibakar Banerjee;https://m.media-amazon.com/images/M/MV5BYzJkZGE5NmUtMDkwOC00ODkyLTg2OWMtMTM2YTRkN2M1MGQwL2ltYWdlL2ltYWdlXkEyXkFqcGdeQXVyMTExNDQ2MTI@._V1_QL75_UY133_CR3,0,90,133_.jpg;Dibakar Banerjee nació el 21 de junio de 1969 en Nueva Delhi, India. Es un director y escritor, conocido por Detective Byomkesh Bakshy! (2015), Sandeep Aur Pinky Faraar (2021) y Oye Lucky! Lucky Oye! (2008).;Dirección;Oye Lucky! Lucky Oye!;5;1;11;2;8;;6;2;;;;;;;;;;;3;;;
Dibakar Banerjee;https://m.media-amazon.com/images/M/MV5BYzJkZGE5NmUtMDkwOC00ODkyLTg2OWMtMTM2YTRkN2M1MGQwL2ltYWdlL2ltYWdlXkEyXkFqcGdeQXVyMTExNDQ2MTI@._V1_QL75_UY133_CR3,0,90,133_.jpg;Dibakar Banerjee nació el 21 de junio de 1969 en Nueva Delhi, India. Es un director y escritor, conocido por Detective Byomkesh Bakshy! (2015), Sandeep Aur Pinky Faraar (2021) y Oye Lucky! Lucky Oye! (2008).;Dirección;7,7;5;1;11;2;8;;6;2;;;;;;;;;;;3;;;
Dibakar Banerjee;https://m.media-amazon.com/images/M/MV5BYzJkZGE5NmUtMDkwOC00ODkyLTg2OWMtMTM2YTRkN2M1MGQwL2ltYWdlL2ltYWdlXkEyXkFqcGdeQXVyMTExNDQ2MTI@._V1_QL75_UY133_CR3,0,90,133_.jpg;Dibakar Banerjee nació el 21 de junio de 1969 en Nueva Delhi, India. Es un director y escritor, conocido por Detective Byomkesh Bakshy! (2015), Sandeep Aur Pinky Faraar (2021) y Oye Lucky! Lucky Oye! (2008).;Dirección;Dirección;5;1;11;2;8;;6;2;;;;;;;;;;;3;;;
Dibakar Banerjee;https://m.media-amazon.com/images/M/MV5BYzJkZGE5NmUtMDkwOC00ODkyLTg2OWMtMTM2YTRkN2M1MGQwL2ltYWdlL2ltYWdlXkEyXkFqcGdeQXVyMTExNDQ2MTI@._V1_QL75_UY133_CR3,0,90,133_.jpg;Dibakar Banerjee nació el 21 de junio de 1969 en Nueva Delhi, India. Es un director y escritor, conocido por Detective Byomkesh Bakshy! (2015), Sandeep Aur Pinky Faraar (2021) y Oye Lucky! Lucky Oye! (2008).;Dirección;2008;5;1;11;2;8;;6;2;;;;;;;;;;;3;;;
Dibakar Banerjee;https://m.media-amazon.com/images/M/MV5BYzJkZGE5NmUtMDkwOC00ODkyLTg2OWMtMTM2YTRkN2M1MGQwL2ltYWdlL2ltYWdlXkEyXkFqcGdeQXVyMTExNDQ2MTI@._V1_QL75_UY133_CR3,0,90,133_.jpg;Dibakar Banerjee nació el 21 de junio de 1969 en Nueva Delhi, India. Es un director y escritor, conocido por Detective Byomkesh Bakshy! (2015), Sandeep Aur Pinky Faraar (2021) y Oye Lucky! Lucky Oye! (2008).;Dirección;Shanghai;5;1;11;2;8;;6;2;;;;;;;;;;;3;;;
Dibakar Banerjee;https://m.media-amazon.com/images/M/MV5BYzJkZGE5NmUtMDkwOC00ODkyLTg2OWMtMTM2YTRkN2M1MGQwL2ltYWdlL2ltYWdlXkEyXkFqcGdeQXVyMTExNDQ2MTI@._V1_QL75_UY133_CR3,0,90,133_.jpg;Dibakar Banerjee nació el 21 de junio de 1969 en Nueva Delhi, India. Es un director y escritor, conocido por Detective Byomkesh Bakshy! (2015), Sandeep Aur Pinky Faraar (2021) y Oye Lucky! Lucky Oye! (2008).;Dirección;7,3;5;1;11;2;8;;6;2;;;;;;;;;;;3;;;
Dibakar Banerjee;https://m.media-amazon.com/images/M/MV5BYzJkZGE5NmUtMDkwOC00ODkyLTg2OWMtMTM2YTRkN2M1MGQwL2ltYWdlL2ltYWdlXkEyXkFqcGdeQXVyMTExNDQ2MTI@._V1_QL75_UY133_CR3,0,90,133_.jpg;Dibakar Banerjee nació el 21 de junio de 1969 en Nueva Delhi, India. Es un director y escritor, conocido por Detective Byomkesh Bakshy! (2015), Sandeep Aur Pinky Faraar (2021) y Oye Lucky! Lucky Oye! (2008).;Dirección;Dirección;5;1;11;2;8;;6;2;;;;;;;;;;;3;;;
Dibakar Banerjee;https://m.media-amazon.com/images/M/MV5BYzJkZGE5NmUtMDkwOC00ODkyLTg2OWMtMTM2YTRkN2M1MGQwL2ltYWdlL2ltYWdlXkEyXkFqcGdeQXVyMTExNDQ2MTI@._V1_QL75_UY133_CR3,0,90,133_.jpg;Dibakar Banerjee nació el 21 de junio de 1969 en Nueva Delhi, India. Es un director y escritor, conocido por Detective Byomkesh Bakshy! (2015), Sandeep Aur Pinky Faraar (2021) y Oye Lucky! Lucky Oye! (2008).;Dirección;2012;5;1;11;2;8;;6;2;;;;;;;;;;;3;;;
Julien Leclercq;;Julien Leclercq conocido por su papel en Atracadores: La serie (2021), Le salaire de la peur y El asalto (2010).;Guion;Atracadores: La serie;11;;11;;10;;;2;;;;;;;;;;;;;;
Julien Leclercq;;Julien Leclercq conocido por su papel en Atracadores: La serie (2021), Le salaire de la peur y El asalto (2010).;Guion;7,2;11;;11;;10;;;2;;;;;;;;;;;;;;
Julien Leclercq;;Julien Leclercq conocido por su papel en Atracadores: La serie (2021), Le salaire de la peur y El asalto (2010).;Guion;Serie de TV;11;;11;;10;;;2;;;;;;;;;;;;;;
Julien Leclercq;;Julien Leclercq conocido por su papel en Atracadores: La serie (2021), Le salaire de la peur y El asalto (2010).;Guion;Guion(creator);11;;11;;10;;;2;;;;;;;;;;;;;;
Julien Leclercq;;Julien Leclercq conocido por su papel en Atracadores: La serie (2021), Le salaire de la peur y El asalto (2010).;Guion;2021–2023 • 12 episodios;11;;11;;10;;;2;;;;;;;;;;;;;;
Julien Leclercq;;Julien Leclercq conocido por su papel en Atracadores: La serie (2021), Le salaire de la peur y El asalto (2010).;Guion;Le salaire de la peur;11;;11;;10;;;2;;;;;;;;;;;;;;
Julien Leclercq;;Julien Leclercq conocido por su papel en Atracadores: La serie (2021), Le salaire de la peur y El asalto (2010).;Guion;Guion;11;;11;;10;;;2;;;;;;;;;;;;;;
Julien Leclercq;;Julien Leclercq conocido por su papel en Atracadores: La serie (2021), Le salaire de la peur y El asalto (2010).;Guion;El asalto;11;;11;;10;;;2;;;;;;;;;;;;;;
Julien Leclercq;;Julien Leclercq conocido por su papel en Atracadores: La serie (2021), Le salaire de la peur y El asalto (2010).;Guion;6,1;11;;11;;10;;;2;;;;;;;;;;;;;;
Julien Leclercq;;Julien Leclercq conocido por su papel en Atracadores: La serie (2021), Le salaire de la peur y El asalto (2010).;Guion;Guion;11;;11;;10;;;2;;;;;;;;;;;;;;
Julien Leclercq;;Julien Leclercq conocido por su papel en Atracadores: La serie (2021), Le salaire de la peur y El asalto (2010).;Guion;2010;11;;11;;10;;;2;;;;;;;;;;;;;;
Julien Leclercq;;Julien Leclercq conocido por su papel en Atracadores: La serie (2021), Le salaire de la peur y El asalto (2010).;Guion;Atracadores;11;;11;;10;;;2;;;;;;;;;;;;;;
Julien Leclercq;;Julien Leclercq conocido por su papel en Atracadores: La serie (2021), Le salaire de la peur y El asalto (2010).;Guion;6,3;11;;11;;10;;;2;;;;;;;;;;;;;;
Julien Leclercq;;Julien Leclercq conocido por su papel en Atracadores: La serie (2021), Le salaire de la peur y El asalto (2010).;Guion;Guion;11;;11;;10;;;2;;;;;;;;;;;;;;
Julien Leclercq;;Julien Leclercq conocido por su papel en Atracadores: La serie (2021), Le salaire de la peur y El asalto (2010).;Guion;2015;11;;11;;10;;;2;;;;;;;;;;;;;;
Amy Poehler;https://m.media-amazon.com/images/M/MV5BYjIzMDA0NmUtMTlhZi00ZDU3LTkzYWMtZDhkYTU1ZDJlMGRkXkEyXkFqcGdeQXVyNzcwODE0OTk@._V1_QL75_UY133_CR14,0,90,133_.jpg;Amy Poehler nació el 16 de septiembre de 1971 en Massachusetts, Estados Unidos. Es una actriz y productora, conocida por Del revés (Inside Out) (2015), Mamá de alquiler (2008) y Parks and Recreation (2009). Ha estado casada con Will Arnett.;Reparto;Del revés (Inside Out);30;;6;15;19;94;;218;16;;;;;;61;;;;;1;;
Amy Poehler;https://m.media-amazon.com/images/M/MV5BYjIzMDA0NmUtMTlhZi00ZDU3LTkzYWMtZDhkYTU1ZDJlMGRkXkEyXkFqcGdeQXVyNzcwODE0OTk@._V1_QL75_UY133_CR14,0,90,133_.jpg;Amy Poehler nació el 16 de septiembre de 1971 en Massachusetts, Estados Unidos. Es una actriz y productora, conocida por Del revés (Inside Out) (2015), Mamá de alquiler (2008) y Parks and Recreation (2009). Ha estado casada con Will Arnett.;Reparto;8,1;30;;6;15;19;94;;218;16;;;;;;61;;;;;1;;
Amy Poehler;https://m.media-amazon.com/images/M/MV5BYjIzMDA0NmUtMTlhZi00ZDU3LTkzYWMtZDhkYTU1ZDJlMGRkXkEyXkFqcGdeQXVyNzcwODE0OTk@._V1_QL75_UY133_CR14,0,90,133_.jpg;Amy Poehler nació el 16 de septiembre de 1971 en Massachusetts, Estados Unidos. Es una actriz y productora, conocida por Del revés (Inside Out) (2015), Mamá de alquiler (2008) y Parks and Recreation (2009). Ha estado casada con Will Arnett.;Reparto;Joy(voz);30;;6;15;19;94;;218;16;;;;;;61;;;;;1;;
Amy Poehler;https://m.media-amazon.com/images/M/MV5BYjIzMDA0NmUtMTlhZi00ZDU3LTkzYWMtZDhkYTU1ZDJlMGRkXkEyXkFqcGdeQXVyNzcwODE0OTk@._V1_QL75_UY133_CR14,0,90,133_.jpg;Amy Poehler nació el 16 de septiembre de 1971 en Massachusetts, Estados Unidos. Es una actriz y productora, conocida por Del revés (Inside Out) (2015), Mamá de alquiler (2008) y Parks and Recreation (2009). Ha estado casada con Will Arnett.;Reparto;2015;30;;6;15;19;94;;218;16;;;;;;61;;;;;1;;
Amy Poehler;https://m.media-amazon.com/images/M/MV5BYjIzMDA0NmUtMTlhZi00ZDU3LTkzYWMtZDhkYTU1ZDJlMGRkXkEyXkFqcGdeQXVyNzcwODE0OTk@._V1_QL75_UY133_CR14,0,90,133_.jpg;Amy Poehler nació el 16 de septiembre de 1971 en Massachusetts, Estados Unidos. Es una actriz y productora, conocida por Del revés (Inside Out) (2015), Mamá de alquiler (2008) y Parks and Recreation (2009). Ha estado casada con Will Arnett.;Reparto;Mamá de alquiler;30;;6;15;19;94;;218;16;;;;;;61;;;;;1;;
Amy Poehler;https://m.media-amazon.com/images/M/MV5BYjIzMDA0NmUtMTlhZi00ZDU3LTkzYWMtZDhkYTU1ZDJlMGRkXkEyXkFqcGdeQXVyNzcwODE0OTk@._V1_QL75_UY133_CR14,0,90,133_.jpg;Amy Poehler nació el 16 de septiembre de 1971 en Massachusetts, Estados Unidos. Es una actriz y productora, conocida por Del revés (Inside Out) (2015), Mamá de alquiler (2008) y Parks and Recreation (2009). Ha estado casada con Will Arnett.;Reparto;6,0;30;;6;15;19;94;;218;16;;;;;;61;;;;;1;;
Amy Poehler;https://m.media-amazon.com/images/M/MV5BYjIzMDA0NmUtMTlhZi00ZDU3LTkzYWMtZDhkYTU1ZDJlMGRkXkEyXkFqcGdeQXVyNzcwODE0OTk@._V1_QL75_UY133_CR14,0,90,133_.jpg;Amy Poehler nació el 16 de septiembre de 1971 en Massachusetts, Estados Unidos. Es una actriz y productora, conocida por Del revés (Inside Out) (2015), Mamá de alquiler (2008) y Parks and Recreation (2009). Ha estado casada con Will Arnett.;Reparto;Angie;30;;6;15;19;94;;218;16;;;;;;61;;;;;1;;
Amy Poehler;https://m.media-amazon.com/images/M/MV5BYjIzMDA0NmUtMTlhZi00ZDU3LTkzYWMtZDhkYTU1ZDJlMGRkXkEyXkFqcGdeQXVyNzcwODE0OTk@._V1_QL75_UY133_CR14,0,90,133_.jpg;Amy Poehler nació el 16 de septiembre de 1971 en Massachusetts, Estados Unidos. Es una actriz y productora, conocida por Del revés (Inside Out) (2015), Mamá de alquiler (2008) y Parks and Recreation (2009). Ha estado casada con Will Arnett.;Reparto;2008;30;;6;15;19;94;;218;16;;;;;;61;;;;;1;;
Amy Poehler;https://m.media-amazon.com/images/M/MV5BYjIzMDA0NmUtMTlhZi00ZDU3LTkzYWMtZDhkYTU1ZDJlMGRkXkEyXkFqcGdeQXVyNzcwODE0OTk@._V1_QL75_UY133_CR14,0,90,133_.jpg;Amy Poehler nació el 16 de septiembre de 1971 en Massachusetts, Estados Unidos. Es una actriz y productora, conocida por Del revés (Inside Out) (2015), Mamá de alquiler (2008) y Parks and Recreation (2009). Ha estado casada con Will Arnett.;Reparto;Parks and Recreation;30;;6;15;19;94;;218;16;;;;;;61;;;;;1;;
Amy Poehler;https://m.media-amazon.com/images/M/MV5BYjIzMDA0NmUtMTlhZi00ZDU3LTkzYWMtZDhkYTU1ZDJlMGRkXkEyXkFqcGdeQXVyNzcwODE0OTk@._V1_QL75_UY133_CR14,0,90,133_.jpg;Amy Poehler nació el 16 de septiembre de 1971 en Massachusetts, Estados Unidos. Es una actriz y productora, conocida por Del revés (Inside Out) (2015), Mamá de alquiler (2008) y Parks and Recreation (2009). Ha estado casada con Will Arnett.;Reparto;8,6;30;;6;15;19;94;;218;16;;;;;;61;;;;;1;;
Amy Poehler;https://m.media-amazon.com/images/M/MV5BYjIzMDA0NmUtMTlhZi00ZDU3LTkzYWMtZDhkYTU1ZDJlMGRkXkEyXkFqcGdeQXVyNzcwODE0OTk@._V1_QL75_UY133_CR14,0,90,133_.jpg;Amy Poehler nació el 16 de septiembre de 1971 en Massachusetts, Estados Unidos. Es una actriz y productora, conocida por Del revés (Inside Out) (2015), Mamá de alquiler (2008) y Parks and Recreation (2009). Ha estado casada con Will Arnett.;Reparto;Serie de TV;30;;6;15;19;94;;218;16;;;;;;61;;;;;1;;
Amy Poehler;https://m.media-amazon.com/images/M/MV5BYjIzMDA0NmUtMTlhZi00ZDU3LTkzYWMtZDhkYTU1ZDJlMGRkXkEyXkFqcGdeQXVyNzcwODE0OTk@._V1_QL75_UY133_CR14,0,90,133_.jpg;Amy Poehler nació el 16 de septiembre de 1971 en Massachusetts, Estados Unidos. Es una actriz y productora, conocida por Del revés (Inside Out) (2015), Mamá de alquiler (2008) y Parks and Recreation (2009). Ha estado casada con Will Arnett.;Reparto;Leslie Knope;30;;6;15;19;94;;218;16;;;;;;61;;;;;1;;
Amy Poehler;https://m.media-amazon.com/images/M/MV5BYjIzMDA0NmUtMTlhZi00ZDU3LTkzYWMtZDhkYTU1ZDJlMGRkXkEyXkFqcGdeQXVyNzcwODE0OTk@._V1_QL75_UY133_CR14,0,90,133_.jpg;Amy Poehler nació el 16 de septiembre de 1971 en Massachusetts, Estados Unidos. Es una actriz y productora, conocida por Del revés (Inside Out) (2015), Mamá de alquiler (2008) y Parks and Recreation (2009). Ha estado casada con Will Arnett.;Reparto;2009–2015 • 124 episodios;30;;6;15;19;94;;218;16;;;;;;61;;;;;1;;
Amy Poehler;https://m.media-amazon.com/images/M/MV5BYjIzMDA0NmUtMTlhZi00ZDU3LTkzYWMtZDhkYTU1ZDJlMGRkXkEyXkFqcGdeQXVyNzcwODE0OTk@._V1_QL75_UY133_CR14,0,90,133_.jpg;Amy Poehler nació el 16 de septiembre de 1971 en Massachusetts, Estados Unidos. Es una actriz y productora, conocida por Del revés (Inside Out) (2015), Mamá de alquiler (2008) y Parks and Recreation (2009). Ha estado casada con Will Arnett.;Reparto;Saturday Night Live;30;;6;15;19;94;;218;16;;;;;;61;;;;;1;;
Amy Poehler;https://m.media-amazon.com/images/M/MV5BYjIzMDA0NmUtMTlhZi00ZDU3LTkzYWMtZDhkYTU1ZDJlMGRkXkEyXkFqcGdeQXVyNzcwODE0OTk@._V1_QL75_UY133_CR14,0,90,133_.jpg;Amy Poehler nació el 16 de septiembre de 1971 en Massachusetts, Estados Unidos. Es una actriz y productora, conocida por Del revés (Inside Out) (2015), Mamá de alquiler (2008) y Parks and Recreation (2009). Ha estado casada con Will Arnett.;Reparto;8,0;30;;6;15;19;94;;218;16;;;;;;61;;;;;1;;
Amy Poehler;https://m.media-amazon.com/images/M/MV5BYjIzMDA0NmUtMTlhZi00ZDU3LTkzYWMtZDhkYTU1ZDJlMGRkXkEyXkFqcGdeQXVyNzcwODE0OTk@._V1_QL75_UY133_CR14,0,90,133_.jpg;Amy Poehler nació el 16 de septiembre de 1971 en Massachusetts, Estados Unidos. Es una actriz y productora, conocida por Del revés (Inside Out) (2015), Mamá de alquiler (2008) y Parks and Recreation (2009). Ha estado casada con Will Arnett.;Reparto;Serie de TV;30;;6;15;19;94;;218;16;;;;;;61;;;;;1;;
Amy Poehler;https://m.media-amazon.com/images/M/MV5BYjIzMDA0NmUtMTlhZi00ZDU3LTkzYWMtZDhkYTU1ZDJlMGRkXkEyXkFqcGdeQXVyNzcwODE0OTk@._V1_QL75_UY133_CR14,0,90,133_.jpg;Amy Poehler nació el 16 de septiembre de 1971 en Massachusetts, Estados Unidos. Es una actriz y productora, conocida por Del revés (Inside Out) (2015), Mamá de alquiler (2008) y Parks and Recreation (2009). Ha estado casada con Will Arnett.;Reparto;VariousWeekend Update Anchor;30;;6;15;19;94;;218;16;;;;;;61;;;;;1;;
Amy Poehler;https://m.media-amazon.com/images/M/MV5BYjIzMDA0NmUtMTlhZi00ZDU3LTkzYWMtZDhkYTU1ZDJlMGRkXkEyXkFqcGdeQXVyNzcwODE0OTk@._V1_QL75_UY133_CR14,0,90,133_.jpg;Amy Poehler nació el 16 de septiembre de 1971 en Massachusetts, Estados Unidos. Es una actriz y productora, conocida por Del revés (Inside Out) (2015), Mamá de alquiler (2008) y Parks and Recreation (2009). Ha estado casada con Will Arnett.;Reparto;2001–2012 • 146 episodios;30;;6;15;19;94;;218;16;;;;;;61;;;;;1;;
Kyle Newacheck;https://m.media-amazon.com/images/M/MV5BMTA5MDE3MjQyNDBeQTJeQWpwZ15BbWU4MDAwOTM1NzAx._V1_QL75_UY133_CR55,0,90,133_.jpg;Kyle Newacheck nació el 23 de enero de 1984 en Walnut Creek, California, Estados Unidos. Es un productor y escritor, conocido por Stranger in the Woods, ¡Game Over, tío! (2018) y Workaholics (2011).;Producción;Stranger in the Woods;35;;35;9;21;16;1;18;4;;;;1;25;;;;;6;;4;1
Kyle Newacheck;https://m.media-amazon.com/images/M/MV5BMTA5MDE3MjQyNDBeQTJeQWpwZ15BbWU4MDAwOTM1NzAx._V1_QL75_UY133_CR55,0,90,133_.jpg;Kyle Newacheck nació el 23 de enero de 1984 en Walnut Creek, California, Estados Unidos. Es un productor y escritor, conocido por Stranger in the Woods, ¡Game Over, tío! (2018) y Workaholics (2011).;Producción;Producción;35;;35;9;21;16;1;18;4;;;;1;25;;;;;6;;4;1
Kyle Newacheck;https://m.media-amazon.com/images/M/MV5BMTA5MDE3MjQyNDBeQTJeQWpwZ15BbWU4MDAwOTM1NzAx._V1_QL75_UY133_CR55,0,90,133_.jpg;Kyle Newacheck nació el 23 de enero de 1984 en Walnut Creek, California, Estados Unidos. Es un productor y escritor, conocido por Stranger in the Woods, ¡Game Over, tío! (2018) y Workaholics (2011).;Producción;¡Game Over, tío!;35;;35;9;21;16;1;18;4;;;;1;25;;;;;6;;4;1
Kyle Newacheck;https://m.media-amazon.com/images/M/MV5BMTA5MDE3MjQyNDBeQTJeQWpwZ15BbWU4MDAwOTM1NzAx._V1_QL75_UY133_CR55,0,90,133_.jpg;Kyle Newacheck nació el 23 de enero de 1984 en Walnut Creek, California, Estados Unidos. Es un productor y escritor, conocido por Stranger in the Woods, ¡Game Over, tío! (2018) y Workaholics (2011).;Producción;5,4;35;;35;9;21;16;1;18;4;;;;1;25;;;;;6;;4;1
Kyle Newacheck;https://m.media-amazon.com/images/M/MV5BMTA5MDE3MjQyNDBeQTJeQWpwZ15BbWU4MDAwOTM1NzAx._V1_QL75_UY133_CR55,0,90,133_.jpg;Kyle Newacheck nació el 23 de enero de 1984 en Walnut Creek, California, Estados Unidos. Es un productor y escritor, conocido por Stranger in the Woods, ¡Game Over, tío! (2018) y Workaholics (2011).;Producción;Producción;35;;35;9;21;16;1;18;4;;;;1;25;;;;;6;;4;1
Kyle Newacheck;https://m.media-amazon.com/images/M/MV5BMTA5MDE3MjQyNDBeQTJeQWpwZ15BbWU4MDAwOTM1NzAx._V1_QL75_UY133_CR55,0,90,133_.jpg;Kyle Newacheck nació el 23 de enero de 1984 en Walnut Creek, California, Estados Unidos. Es un productor y escritor, conocido por Stranger in the Woods, ¡Game Over, tío! (2018) y Workaholics (2011).;Producción;2018;35;;35;9;21;16;1;18;4;;;;1;25;;;;;6;;4;1
Kyle Newacheck;https://m.media-amazon.com/images/M/MV5BMTA5MDE3MjQyNDBeQTJeQWpwZ15BbWU4MDAwOTM1NzAx._V1_QL75_UY133_CR55,0,90,133_.jpg;Kyle Newacheck nació el 23 de enero de 1984 en Walnut Creek, California, Estados Unidos. Es un productor y escritor, conocido por Stranger in the Woods, ¡Game Over, tío! (2018) y Workaholics (2011).;Producción;Workaholics;35;;35;9;21;16;1;18;4;;;;1;25;;;;;6;;4;1
Kyle Newacheck;https://m.media-amazon.com/images/M/MV5BMTA5MDE3MjQyNDBeQTJeQWpwZ15BbWU4MDAwOTM1NzAx._V1_QL75_UY133_CR55,0,90,133_.jpg;Kyle Newacheck nació el 23 de enero de 1984 en Walnut Creek, California, Estados Unidos. Es un productor y escritor, conocido por Stranger in the Woods, ¡Game Over, tío! (2018) y Workaholics (2011).;Producción;8,1;35;;35;9;21;16;1;18;4;;;;1;25;;;;;6;;4;1
Kyle Newacheck;https://m.media-amazon.com/images/M/MV5BMTA5MDE3MjQyNDBeQTJeQWpwZ15BbWU4MDAwOTM1NzAx._V1_QL75_UY133_CR55,0,90,133_.jpg;Kyle Newacheck nació el 23 de enero de 1984 en Walnut Creek, California, Estados Unidos. Es un productor y escritor, conocido por Stranger in the Woods, ¡Game Over, tío! (2018) y Workaholics (2011).;Producción;Serie de TV;35;;35;9;21;16;1;18;4;;;;1;25;;;;;6;;4;1
Kyle Newacheck;https://m.media-amazon.com/images/M/MV5BMTA5MDE3MjQyNDBeQTJeQWpwZ15BbWU4MDAwOTM1NzAx._V1_QL75_UY133_CR55,0,90,133_.jpg;Kyle Newacheck nació el 23 de enero de 1984 en Walnut Creek, California, Estados Unidos. Es un productor y escritor, conocido por Stranger in the Woods, ¡Game Over, tío! (2018) y Workaholics (2011).;Producción;Producción(2010);35;;35;9;21;16;1;18;4;;;;1;25;;;;;6;;4;1
Kyle Newacheck;https://m.media-amazon.com/images/M/MV5BMTA5MDE3MjQyNDBeQTJeQWpwZ15BbWU4MDAwOTM1NzAx._V1_QL75_UY133_CR55,0,90,133_.jpg;Kyle Newacheck nació el 23 de enero de 1984 en Walnut Creek, California, Estados Unidos. Es un productor y escritor, conocido por Stranger in the Woods, ¡Game Over, tío! (2018) y Workaholics (2011).;Producción;2011–2017 • 64 episodios;35;;35;9;21;16;1;18;4;;;;1;25;;;;;6;;4;1
Kyle Newacheck;https://m.media-amazon.com/images/M/MV5BMTA5MDE3MjQyNDBeQTJeQWpwZ15BbWU4MDAwOTM1NzAx._V1_QL75_UY133_CR55,0,90,133_.jpg;Kyle Newacheck nació el 23 de enero de 1984 en Walnut Creek, California, Estados Unidos. Es un productor y escritor, conocido por Stranger in the Woods, ¡Game Over, tío! (2018) y Workaholics (2011).;Producción;Criminales en el mar;35;;35;9;21;16;1;18;4;;;;1;25;;;;;6;;4;1
Kyle Newacheck;https://m.media-amazon.com/images/M/MV5BMTA5MDE3MjQyNDBeQTJeQWpwZ15BbWU4MDAwOTM1NzAx._V1_QL75_UY133_CR55,0,90,133_.jpg;Kyle Newacheck nació el 23 de enero de 1984 en Walnut Creek, California, Estados Unidos. Es un productor y escritor, conocido por Stranger in the Woods, ¡Game Over, tío! (2018) y Workaholics (2011).;Producción;6,0;35;;35;9;21;16;1;18;4;;;;1;25;;;;;6;;4;1
Kyle Newacheck;https://m.media-amazon.com/images/M/MV5BMTA5MDE3MjQyNDBeQTJeQWpwZ15BbWU4MDAwOTM1NzAx._V1_QL75_UY133_CR55,0,90,133_.jpg;Kyle Newacheck nació el 23 de enero de 1984 en Walnut Creek, California, Estados Unidos. Es un productor y escritor, conocido por Stranger in the Woods, ¡Game Over, tío! (2018) y Workaholics (2011).;Producción;Dirección(directed by);35;;35;9;21;16;1;18;4;;;;1;25;;;;;6;;4;1
Kyle Newacheck;https://m.media-amazon.com/images/M/MV5BMTA5MDE3MjQyNDBeQTJeQWpwZ15BbWU4MDAwOTM1NzAx._V1_QL75_UY133_CR55,0,90,133_.jpg;Kyle Newacheck nació el 23 de enero de 1984 en Walnut Creek, California, Estados Unidos. Es un productor y escritor, conocido por Stranger in the Woods, ¡Game Over, tío! (2018) y Workaholics (2011).;Producción;2019;35;;35;9;21;16;1;18;4;;;;1;25;;;;;6;;4;1
Peter Sullivan;https://m.media-amazon.com/images/M/MV5BMTk1MDJmMTctZGU2ZC00NjdjLTllNGEtN2FkNTJlN2FkOWMwXkEyXkFqcGdeQXVyMTk5ODcxMzc@._V1_QL75_UX90_CR0,1,90,133_.jpg;Peter Sullivan conocido por su papel en La vuelta al mundo en 80 días (2021), Poldark (2015) y The Missing: Baptiste (2019).;Reparto;La vuelta al mundo en 80 días;2;;;;;81;;2;;;;;;;1;;;;;;;
Peter Sullivan;https://m.media-amazon.com/images/M/MV5BMTk1MDJmMTctZGU2ZC00NjdjLTllNGEtN2FkNTJlN2FkOWMwXkEyXkFqcGdeQXVyMTk5ODcxMzc@._V1_QL75_UX90_CR0,1,90,133_.jpg;Peter Sullivan conocido por su papel en La vuelta al mundo en 80 días (2021), Poldark (2015) y The Missing: Baptiste (2019).;Reparto;7,2;2;;;;;81;;2;;;;;;;1;;;;;;;
Peter Sullivan;https://m.media-amazon.com/images/M/MV5BMTk1MDJmMTctZGU2ZC00NjdjLTllNGEtN2FkNTJlN2FkOWMwXkEyXkFqcGdeQXVyMTk5ODcxMzc@._V1_QL75_UX90_CR0,1,90,133_.jpg;Peter Sullivan conocido por su papel en La vuelta al mundo en 80 días (2021), Poldark (2015) y The Missing: Baptiste (2019).;Reparto;Serie de TV;2;;;;;81;;2;;;;;;;1;;;;;;;
Peter Sullivan;https://m.media-amazon.com/images/M/MV5BMTk1MDJmMTctZGU2ZC00NjdjLTllNGEtN2FkNTJlN2FkOWMwXkEyXkFqcGdeQXVyMTk5ODcxMzc@._V1_QL75_UX90_CR0,1,90,133_.jpg;Peter Sullivan conocido por su papel en La vuelta al mundo en 80 días (2021), Poldark (2015) y The Missing: Baptiste (2019).;Reparto;Nyle Bellamy;2;;;;;81;;2;;;;;;;1;;;;;;;
Peter Sullivan;https://m.media-amazon.com/images/M/MV5BMTk1MDJmMTctZGU2ZC00NjdjLTllNGEtN2FkNTJlN2FkOWMwXkEyXkFqcGdeQXVyMTk5ODcxMzc@._V1_QL75_UX90_CR0,1,90,133_.jpg;Peter Sullivan conocido por su papel en La vuelta al mundo en 80 días (2021), Poldark (2015) y The Missing: Baptiste (2019).;Reparto;2021 • 8 episodios;2;;;;;81;;2;;;;;;;1;;;;;;;
Peter Sullivan;https://m.media-amazon.com/images/M/MV5BMTk1MDJmMTctZGU2ZC00NjdjLTllNGEtN2FkNTJlN2FkOWMwXkEyXkFqcGdeQXVyMTk5ODcxMzc@._V1_QL75_UX90_CR0,1,90,133_.jpg;Peter Sullivan conocido por su papel en La vuelta al mundo en 80 días (2021), Poldark (2015) y The Missing: Baptiste (2019).;Reparto;Poldark;2;;;;;81;;2;;;;;;;1;;;;;;;
Peter Sullivan;https://m.media-amazon.com/images/M/MV5BMTk1MDJmMTctZGU2ZC00NjdjLTllNGEtN2FkNTJlN2FkOWMwXkEyXkFqcGdeQXVyMTk5ODcxMzc@._V1_QL75_UX90_CR0,1,90,133_.jpg;Peter Sullivan conocido por su papel en La vuelta al mundo en 80 días (2021), Poldark (2015) y The Missing: Baptiste (2019).;Reparto;8,3;2;;;;;81;;2;;;;;;;1;;;;;;;
Peter Sullivan;https://m.media-amazon.com/images/M/MV5BMTk1MDJmMTctZGU2ZC00NjdjLTllNGEtN2FkNTJlN2FkOWMwXkEyXkFqcGdeQXVyMTk5ODcxMzc@._V1_QL75_UX90_CR0,1,90,133_.jpg;Peter Sullivan conocido por su papel en La vuelta al mundo en 80 días (2021), Poldark (2015) y The Missing: Baptiste (2019).;Reparto;Serie de TV;2;;;;;81;;2;;;;;;;1;;;;;;;
Peter Sullivan;https://m.media-amazon.com/images/M/MV5BMTk1MDJmMTctZGU2ZC00NjdjLTllNGEtN2FkNTJlN2FkOWMwXkEyXkFqcGdeQXVyMTk5ODcxMzc@._V1_QL75_UX90_CR0,1,90,133_.jpg;Peter Sullivan conocido por su papel en La vuelta al mundo en 80 días (2021), Poldark (2015) y The Missing: Baptiste (2019).;Reparto;Ralph Hanson;2;;;;;81;;2;;;;;;;1;;;;;;;
Peter Sullivan;https://m.media-amazon.com/images/M/MV5BMTk1MDJmMTctZGU2ZC00NjdjLTllNGEtN2FkNTJlN2FkOWMwXkEyXkFqcGdeQXVyMTk5ODcxMzc@._V1_QL75_UX90_CR0,1,90,133_.jpg;Peter Sullivan conocido por su papel en La vuelta al mundo en 80 días (2021), Poldark (2015) y The Missing: Baptiste (2019).;Reparto;2019 • 8 episodios;2;;;;;81;;2;;;;;;;1;;;;;;;
Peter Sullivan;https://m.media-amazon.com/images/M/MV5BMTk1MDJmMTctZGU2ZC00NjdjLTllNGEtN2FkNTJlN2FkOWMwXkEyXkFqcGdeQXVyMTk5ODcxMzc@._V1_QL75_UX90_CR0,1,90,133_.jpg;Peter Sullivan conocido por su papel en La vuelta al mundo en 80 días (2021), Poldark (2015) y The Missing: Baptiste (2019).;Reparto;The Missing: Baptiste;2;;;;;81;;2;;;;;;;1;;;;;;;
Peter Sullivan;https://m.media-amazon.com/images/M/MV5BMTk1MDJmMTctZGU2ZC00NjdjLTllNGEtN2FkNTJlN2FkOWMwXkEyXkFqcGdeQXVyMTk5ODcxMzc@._V1_QL75_UX90_CR0,1,90,133_.jpg;Peter Sullivan conocido por su papel en La vuelta al mundo en 80 días (2021), Poldark (2015) y The Missing: Baptiste (2019).;Reparto;7,3;2;;;;;81;;2;;;;;;;1;;;;;;;
Peter Sullivan;https://m.media-amazon.com/images/M/MV5BMTk1MDJmMTctZGU2ZC00NjdjLTllNGEtN2FkNTJlN2FkOWMwXkEyXkFqcGdeQXVyMTk5ODcxMzc@._V1_QL75_UX90_CR0,1,90,133_.jpg;Peter Sullivan conocido por su papel en La vuelta al mundo en 80 días (2021), Poldark (2015) y The Missing: Baptiste (2019).;Reparto;Serie de TV;2;;;;;81;;2;;;;;;;1;;;;;;;
Peter Sullivan;https://m.media-amazon.com/images/M/MV5BMTk1MDJmMTctZGU2ZC00NjdjLTllNGEtN2FkNTJlN2FkOWMwXkEyXkFqcGdeQXVyMTk5ODcxMzc@._V1_QL75_UX90_CR0,1,90,133_.jpg;Peter Sullivan conocido por su papel en La vuelta al mundo en 80 días (2021), Poldark (2015) y The Missing: Baptiste (2019).;Reparto;Michael;2;;;;;81;;2;;;;;;;1;;;;;;;
Peter Sullivan;https://m.media-amazon.com/images/M/MV5BMTk1MDJmMTctZGU2ZC00NjdjLTllNGEtN2FkNTJlN2FkOWMwXkEyXkFqcGdeQXVyMTk5ODcxMzc@._V1_QL75_UX90_CR0,1,90,133_.jpg;Peter Sullivan conocido por su papel en La vuelta al mundo en 80 días (2021), Poldark (2015) y The Missing: Baptiste (2019).;Reparto;2021 • 3 episodios;2;;;;;81;;2;;;;;;;1;;;;;;;
Peter Sullivan;https://m.media-amazon.com/images/M/MV5BMTk1MDJmMTctZGU2ZC00NjdjLTllNGEtN2FkNTJlN2FkOWMwXkEyXkFqcGdeQXVyMTk5ODcxMzc@._V1_QL75_UX90_CR0,1,90,133_.jpg;Peter Sullivan conocido por su papel en La vuelta al mundo en 80 días (2021), Poldark (2015) y The Missing: Baptiste (2019).;Reparto;Los Borgia;2;;;;;81;;2;;;;;;;1;;;;;;;
Peter Sullivan;https://m.media-amazon.com/images/M/MV5BMTk1MDJmMTctZGU2ZC00NjdjLTllNGEtN2FkNTJlN2FkOWMwXkEyXkFqcGdeQXVyMTk5ODcxMzc@._V1_QL75_UX90_CR0,1,90,133_.jpg;Peter Sullivan conocido por su papel en La vuelta al mundo en 80 días (2021), Poldark (2015) y The Missing: Baptiste (2019).;Reparto;7,9;2;;;;;81;;2;;;;;;;1;;;;;;;
Peter Sullivan;https://m.media-amazon.com/images/M/MV5BMTk1MDJmMTctZGU2ZC00NjdjLTllNGEtN2FkNTJlN2FkOWMwXkEyXkFqcGdeQXVyMTk5ODcxMzc@._V1_QL75_UX90_CR0,1,90,133_.jpg;Peter Sullivan conocido por su papel en La vuelta al mundo en 80 días (2021), Poldark (2015) y The Missing: Baptiste (2019).;Reparto;Serie de TV;2;;;;;81;;2;;;;;;;1;;;;;;;
Peter Sullivan;https://m.media-amazon.com/images/M/MV5BMTk1MDJmMTctZGU2ZC00NjdjLTllNGEtN2FkNTJlN2FkOWMwXkEyXkFqcGdeQXVyMTk5ODcxMzc@._V1_QL75_UX90_CR0,1,90,133_.jpg;Peter Sullivan conocido por su papel en La vuelta al mundo en 80 días (2021), Poldark (2015) y The Missing: Baptiste (2019).;Reparto;Cardinal Ascanio Sforza;2;;;;;81;;2;;;;;;;1;;;;;;;
Peter Sullivan;https://m.media-amazon.com/images/M/MV5BMTk1MDJmMTctZGU2ZC00NjdjLTllNGEtN2FkNTJlN2FkOWMwXkEyXkFqcGdeQXVyMTk5ODcxMzc@._V1_QL75_UX90_CR0,1,90,133_.jpg;Peter Sullivan conocido por su papel en La vuelta al mundo en 80 días (2021), Poldark (2015) y The Missing: Baptiste (2019).;Reparto;2011–2013 • 28 episodios;2;;;;;81;;2;;;;;;;1;;;;;;;
